ALTER SESSION SET NLS_LANGUAGE=American; 
ALTER SESSION SET NLS_DATE_FORMAT='dd/mm/yy'; 

INSERT INTO paises VALUES ('IT','Italia');
INSERT INTO paises VALUES ('JP','Japon');
INSERT INTO paises VALUES ('US','Estados Unidos');
INSERT INTO paises VALUES ('CA','Canada');
INSERT INTO paises VALUES ('CN','China');
INSERT INTO paises VALUES ('IN','India');
INSERT INTO paises VALUES ('AU','Autralia');
INSERT INTO paises VALUES ('ZW','Zimbabwe');
INSERT INTO paises VALUES ('SG','Singapore');
INSERT INTO paises VALUES ('UK', 'United Kingdom');
INSERT INTO paises VALUES ('FR', 'Francia');
INSERT INTO paises VALUES ('DE', 'Alemania');
INSERT INTO paises VALUES ('ZM', 'Zambia');
INSERT INTO paises VALUES ('EG', 'Egipto');
INSERT INTO paises VALUES ('BR', 'Brazil');
INSERT INTO paises VALUES ('CH','Suiza');
INSERT INTO paises VALUES ('NL','Holanda');
INSERT INTO paises VALUES ('MX','Mexico');
INSERT INTO paises VALUES ('KW','Kuwait');
INSERT INTO paises VALUES ('IL','Israel');
INSERT INTO paises VALUES ('DK','Dinamarca');
INSERT INTO paises VALUES ('HK','HongKong');
INSERT INTO paises VALUES ('NG','Nigeria');
INSERT INTO paises VALUES ('AR','Argentina');
INSERT INTO paises VALUES ('BE','Belgica');
INSERT INTO paises VALUES ('PA','Panama');
INSERT INTO paises VALUES ('GU','Guatemala');
INSERT INTO paises VALUES ('UR','Uruguay');
INSERT INTO paises VALUES ('CO','Colombia');
INSERT INTO paises VALUES ('VE','Venezuela');
INSERT INTO paises VALUES ('PR','Puerto Rico');
INSERT INTO paises VALUES ('RD','Republica Dominicana');
INSERT INTO paises VALUES ('TK','Turkia');
INSERT INTO paises VALUES ('CR','Costa Rica'); 


INSERT INTO Sexos VALUES ('Masculino');
INSERT INTO Sexos VALUES ('Femenino');
INSERT INTO Sexos VALUES ('Otro');



INSERT INTO clientes VALUES (117840834, 'Fernando', 'Solano', 'Hatillo', '847207296', '31/07/2000', 'fesolano@outcoding.com', 'pass123', 'Desarrollador', '11/08/2020', 'CR', 'Masculino');
INSERT INTO clientes VALUES (212549798, 'Bianca', 'Cortez', 'San Pedro', '515215211', '19/07/2000', 'biancacortez@gmail.com', 'pass123', 'Desarrolladora', '11/08/2020', 'CR', 'Femenino');



INSERT INTO Clasificaciones VALUES ('AA');
INSERT INTO Clasificaciones VALUES ('A');
INSERT INTO Clasificaciones VALUES ('B');
INSERT INTO Clasificaciones VALUES ('B15');
INSERT INTO Clasificaciones VALUES ('C');
INSERT INTO Clasificaciones VALUES ('D');



INSERT INTO artistas VALUES (1, 'Thomas Jeffrey ', 'Hanks ', 'Tom Hanks', '6-6-1950', '30-5-1964', 'US', 'Masculino');
INSERT INTO artistas VALUES (2, 'Robert John', 'Downey Jr.', 'Robert Downey Jr.', '23-3-1955', '21-7-1965', 'US', 'Masculino');
INSERT INTO artistas VALUES (3, 'Keanu Charles', 'Reeves', 'Keanu Reeves', '27-9-1953', '14-3-1958', 'US', 'Masculino');
INSERT INTO artistas VALUES (4, 'Hugh Michael', 'Jackman', 'Hugh Jackman', '19-11-1988', '29-6-1992', 'UK', 'Masculino');
INSERT INTO artistas VALUES (5, 'Christopher', 'Hemsworth', 'Chris Hemsworth', '26-11-1967', '13-9-2005', 'US', 'Masculino');
INSERT INTO artistas VALUES (6, 'Leonardo Wilhelm', 'DiCaprio', 'Leonardo DiCaprio', '9-6-1961', '5-8-1985', 'US', 'Masculino');
INSERT INTO artistas VALUES (7, 'Dwayne Douglas', 'Johnson', 'Dwayne Johnson', '11-1-1981', '15-10-2000', 'UK', 'Masculino');
INSERT INTO artistas VALUES (8, 'Ryan Rodney', 'Reynolds', 'Ryan Reynolds', '26-8-1970', '18-6-2017', 'US', 'Masculino');
INSERT INTO artistas VALUES (9, 'Christopher Robert', 'Evans', 'Chris Evans', '8-2-1985', '18-10-2015', 'DE', 'Masculino');
INSERT INTO artistas VALUES (10, 'Morgan', 'Freeman', 'Morgan Freeman', '11-6-1970', '21-12-2006', 'US', 'Masculino');
INSERT INTO artistas VALUES (11, 'Alfred', 'Hitchcock', 'Alfred Hitchcock', '12-7-1968', '6-8-2008', 'FR', 'Masculino');
INSERT INTO artistas VALUES (12, 'Roman ', 'Polanski', 'Roman Polanski', '13-3-1982', '25-7-1991', 'US', 'Masculino');
INSERT INTO artistas VALUES (13, 'Steven Allan', 'Spielberg', 'Steven Spielberg', '17-9-1965', '11-11-1973', 'US', 'Masculino');
INSERT INTO artistas VALUES (14, 'Quentin Jerome', 'Tarantino', 'Quentin Tarantino', '12-10-1962', '30-10-1988', 'US', 'Masculino');
INSERT INTO artistas VALUES (15, 'Ingmar', 'Bergman', 'Ingmar Bergman', '25-11-1953', '8-3-1971', 'DE', 'Masculino');
INSERT INTO artistas VALUES (16, 'Martin', 'Scorsese', 'Martin Scorsese', '28-12-1966', '28-2-2018', 'US', 'Masculino');
INSERT INTO artistas VALUES (17, 'Francis Ford', 'Coppola', 'Francis Ford Coppola', '26-12-1951', '12-10-1987', 'FR', 'Masculino');
INSERT INTO artistas VALUES (18, 'David', 'Lynch', 'David Lynch', '23-7-1965', '15-10-1996', 'US', 'Masculino');
INSERT INTO artistas VALUES (19, 'Federico', 'Fellini', 'Federico Fellini', '18-3-1977', '28-1-1985', 'US', 'Masculino');
INSERT INTO artistas VALUES (20, 'Stanley', 'Kubrick', 'Stanley Kubrick', '6-1-1959', '16-7-1985', 'FR', 'Masculino');
INSERT INTO artistas VALUES (21, 'Shawn Corey', 'Carter', 'Jay-Z', '7-11-1969', '20-10-2008', 'US', 'Masculino');
INSERT INTO artistas VALUES (22, 'Michael Trent', 'Reznor', 'Trent Reznor', '18-4-1975', '11-12-2008', 'US', 'Masculino');
INSERT INTO artistas VALUES (23, 'Madonna Louise', 'Veronica Ciccone', 'Madonna', '1-1-1972', '28-12-2011', 'US', 'Femenino');
INSERT INTO artistas VALUES (24, 'James Paul', 'McCartney', 'Paul McCartney', '26-8-1988', '15-12-2008', 'DE', 'Masculino');
INSERT INTO artistas VALUES (25, 'Dolly Rebecca', 'Parton', 'Dolly Parton', '12-12-1974', '1-3-2017', 'US', 'Femenino');
INSERT INTO artistas VALUES (26, 'Justin Randall', 'Timberlake', 'Justin Timberlake', '20-11-1962', '27-3-1986', 'FR', 'Masculino');
INSERT INTO artistas VALUES (27, 'Chaim', 'Witz', 'Gene Simmons', '18-7-1960', '16-3-1966', 'US', 'Masculino');
INSERT INTO artistas VALUES (28, 'Gwen Renée', 'Stefani', 'Gwen Stefani', '12-3-1957', '14-11-2017', 'US', 'Femenino');
INSERT INTO artistas VALUES (29, 'Sean John', 'Combs', 'Diddy', '3-9-1965', '19-5-2017', 'FR', 'Masculino');
INSERT INTO artistas VALUES (30, 'Andre Romelle', 'Young', 'Dr. Dre', '6-9-1960', '30-12-2013', 'US', 'Masculino');




INSERT INTO sagas VALUES (1, 'Saga rapidos y furiosos');
INSERT INTO sagas VALUES (2, 'Saga Vengadores');
INSERT INTO sagas VALUES (3, 'Saga Deapool');




INSERT INTO Formatos VALUES ('cvd');
INSERT INTO Formatos VALUES ('mp3');
INSERT INTO Formatos VALUES ('mp4');
INSERT INTO Formatos VALUES ('AAC');
INSERT INTO Formatos VALUES ('Wma');
INSERT INTO Formatos VALUES ('Wav');
INSERT INTO Formatos VALUES ('Mpc');





INSERT INTO generos VALUES ('Terror');
INSERT INTO generos VALUES ('Gore');
INSERT INTO generos VALUES ('Comedia');
INSERT INTO generos VALUES ('Comedia Romántica');
INSERT INTO generos VALUES ('Comedia Negra');
INSERT INTO generos VALUES ('Telenovela');
INSERT INTO generos VALUES ('Thriller');
INSERT INTO generos VALUES ('Thriller Psicológico');
INSERT INTO generos VALUES ('Thriller policiaco');
INSERT INTO generos VALUES ('Thriller Informático');
INSERT INTO generos VALUES ('Thriller Legal o jurídico');
INSERT INTO generos VALUES ('Thriller Gangster o de mafia');
INSERT INTO generos VALUES ('Thriller político');
INSERT INTO generos VALUES ('Bachata');
INSERT INTO generos VALUES ('Baladas');
INSERT INTO generos VALUES ('Blues');
INSERT INTO generos VALUES ('Bolero');
INSERT INTO generos VALUES ('Bosa Nova');
INSERT INTO generos VALUES ('Celta');
INSERT INTO generos VALUES ('Clásica');
INSERT INTO generos VALUES ('Corrido');
INSERT INTO generos VALUES ('Country');
INSERT INTO generos VALUES ('Criollo');
INSERT INTO generos VALUES ('Cumbia');
INSERT INTO generos VALUES ('Disco');
INSERT INTO generos VALUES ('Dubstep');
INSERT INTO generos VALUES ('Electrónica');
INSERT INTO generos VALUES ('Flamenco');
INSERT INTO generos VALUES ('Folk');
INSERT INTO generos VALUES ('Funk');
INSERT INTO generos VALUES ('Garage Rock');
INSERT INTO generos VALUES ('Gospel');
INSERT INTO generos VALUES ('Heavy Metal');






INSERT INTO peliculas VALUES (1, 'La suerte de los Logan ', '7-8-2017', 'Disney', 1, 48, 43, 'US', 16, 'AA', null, 'Terror');
INSERT INTO peliculas VALUES (2, 'Tierra de Dios ', '3-8-2017', 'NBCUniversal', 2, 4, 12, 'US', 17, 'B15', null, 'Gore');
INSERT INTO peliculas VALUES (3, 'Caras y lugares ', '7-3-2017', '21st Century Fox', 1, 24, 27, 'US', 16, 'C', null, 'Comedia');
INSERT INTO peliculas VALUES (4, 'One Cut of The Dead ', '10-4-2017', 'Warner Bros.', 2, 51, 9, 'JP', 11, 'D', null, 'Comedia Romántica');
INSERT INTO peliculas VALUES (5, 'Mudbound ', '7-1-2017', 'Sony', 2, 56, 8, 'US', 15, 'C', null, 'Comedia Negra');
INSERT INTO peliculas VALUES (6, 'Todo el dinero del mundo ', '10-5-2017', 'Paramount', 1, 27, 41, 'US', 14, 'A', null, 'Telenovela');
INSERT INTO peliculas VALUES (7, 'Your Name ', '7-9-2016', 'Warner Bros.', 1, 10, 42, 'UK', 12, 'B15', null, 'Thriller');
INSERT INTO peliculas VALUES (8, 'El pan de la guerra (The Breadwinner) ', '7-10-2017', 'Sony', 1, 4, 1, 'US', 18, 'C', null, 'Thriller Psicológico');
INSERT INTO peliculas VALUES (9, 'Un don excepcional ', '7-12-2017', 'Paramount', 2, 27, 40, 'DE', 15, 'D', null, 'Thriller policiaco');
INSERT INTO peliculas VALUES (10, 'La muerte de Stalin ', '7-10-2017', 'Warner Bros.', 1, 6, 5, 'US', 12, 'AA', null, 'Thriller Informático');
INSERT INTO peliculas VALUES (11, 'The Meyerowitz Stories ', '7-6-2017', 'Sony', 2, 38, 10, 'FR', 20, 'A', null, 'Thriller Legal o jurídico');
INSERT INTO peliculas VALUES (12, 'Columbus ', '10-2-2017', 'Disney', 2, 37, 23, 'US', 20, 'B15', null, 'Thriller Gangster o de mafia');
INSERT INTO peliculas VALUES (13, 'En la sombra ', '3-8-2017', 'NBCUniversal', 1, 26, 11, 'US', 12, 'C', null, 'Thriller político');
INSERT INTO peliculas VALUES (14, 'Jumanji: Bienvenidos a la jungla ', '7-9-2017', '21st Century Fox', 1, 24, 40, 'US', 13, 'D', null, 'Gore');
INSERT INTO peliculas VALUES (15, 'Feliz día de tu muerte ', '7-1-2017', 'Warner Bros.', 1, 0, 36, 'DE', 11, 'AA', null, 'Comedia');
INSERT INTO peliculas VALUES (16, 'Crudo ', '7-5-2016', 'Sony', 2, 22, 53, 'US', 11, 'A', null, 'Comedia Romántica');
INSERT INTO peliculas VALUES (17, 'Fast and Furious 8 ', '3-1-2017', 'Paramount', 1, 27, 15, 'US', 15, 'B15', null, 'Comedia Negra');
INSERT INTO peliculas VALUES (18, 'En la playa sola de noche ', '3-2-2017', 'Disney', 2, 2, 40, 'US', 18, 'C', null, 'Telenovela');
INSERT INTO peliculas VALUES (19, 'Hostiles ', '7-3-2017', 'NBCUniversal', 2, 10, 15, 'US', 11, 'D', null, 'Thriller');
INSERT INTO peliculas VALUES (20, 'El castillo de cristal ', '10-8-2017', '22nd Century Fox', 1, 50, 47, 'US', 20, 'AA', null, 'Comedia');
INSERT INTO peliculas VALUES (21, 'Fast and Furious 7', '3-1-2017', 'Paramount', 1, 27, 15, 'US', 14, 'B15', 1, 'Comedia');
INSERT INTO peliculas VALUES (22, 'Los vengadores I', '3-1-2014', 'Paramount', 1, 27, 15, 'US', 14, 'B15', 2, 'Comedia');
INSERT INTO peliculas VALUES (23, 'Los vengadores II', '3-1-2015', 'Paramount', 1, 27, 15, 'US', 14, 'B15', 2, 'Comedia');
INSERT INTO peliculas VALUES (24, 'Deadpool', '3-1-2014', 'Paramount', 1, 27, 15, 'US', 14, 'D', 3, 'Comedia');
INSERT INTO peliculas VALUES (25, 'Deadpool II', '3-1-2015', 'Paramount', 1, 27, 15, 'US', 14, 'D', 3, 'Comedia');







INSERT INTO FormatoPelicula VALUES (1, 1, 'cvd');
INSERT INTO FormatoPelicula VALUES (2, 1, 'mp3');
INSERT INTO FormatoPelicula VALUES (3, 1, 'mp4');
INSERT INTO FormatoPelicula VALUES (4, 1, 'AAC');
INSERT INTO FormatoPelicula VALUES (5, 1, 'Wma');
INSERT INTO FormatoPelicula VALUES (6, 1, 'Wav');
INSERT INTO FormatoPelicula VALUES (7, 1, 'Mpc');
INSERT INTO FormatoPelicula VALUES (8, 2, 'cvd');
INSERT INTO FormatoPelicula VALUES (9, 2, 'mp3');
INSERT INTO FormatoPelicula VALUES (10, 2, 'mp4');
INSERT INTO FormatoPelicula VALUES (11, 2, 'AAC');
INSERT INTO FormatoPelicula VALUES (12, 2, 'Wma');
INSERT INTO FormatoPelicula VALUES (13, 2, 'Wav');
INSERT INTO FormatoPelicula VALUES (14, 2, 'Mpc');
INSERT INTO FormatoPelicula VALUES (15, 3, 'cvd');
INSERT INTO FormatoPelicula VALUES (16, 3, 'mp3');
INSERT INTO FormatoPelicula VALUES (17, 3, 'mp4');
INSERT INTO FormatoPelicula VALUES (18, 3, 'AAC');
INSERT INTO FormatoPelicula VALUES (19, 3, 'Wma');
INSERT INTO FormatoPelicula VALUES (20, 3, 'Wav');
INSERT INTO FormatoPelicula VALUES (21, 4, 'cvd');
INSERT INTO FormatoPelicula VALUES (22, 4, 'mp3');
INSERT INTO FormatoPelicula VALUES (23, 4, 'mp4');
INSERT INTO FormatoPelicula VALUES (24, 4, 'AAC');
INSERT INTO FormatoPelicula VALUES (25, 4, 'Wma');
INSERT INTO FormatoPelicula VALUES (26, 4, 'Wav');
INSERT INTO FormatoPelicula VALUES (27, 4, 'Mpc');
INSERT INTO FormatoPelicula VALUES (28, 5, 'cvd');
INSERT INTO FormatoPelicula VALUES (29, 5, 'mp3');
INSERT INTO FormatoPelicula VALUES (30, 5, 'mp4');
INSERT INTO FormatoPelicula VALUES (31, 5, 'AAC');
INSERT INTO FormatoPelicula VALUES (32, 5, 'Wma');
INSERT INTO FormatoPelicula VALUES (33, 5, 'Wav');
INSERT INTO FormatoPelicula VALUES (34, 5, 'Mpc');
INSERT INTO FormatoPelicula VALUES (35, 6, 'cvd');
INSERT INTO FormatoPelicula VALUES (36, 6, 'mp3');
INSERT INTO FormatoPelicula VALUES (37, 6, 'mp4');
INSERT INTO FormatoPelicula VALUES (38, 6, 'AAC');
INSERT INTO FormatoPelicula VALUES (39, 6, 'Wma');
INSERT INTO FormatoPelicula VALUES (40, 6, 'Wav');
INSERT INTO FormatoPelicula VALUES (41, 7, 'cvd');
INSERT INTO FormatoPelicula VALUES (42, 8, 'mp3');
INSERT INTO FormatoPelicula VALUES (43, 9, 'mp4');
INSERT INTO FormatoPelicula VALUES (44, 10, 'AAC');
INSERT INTO FormatoPelicula VALUES (45, 11, 'Wma');
INSERT INTO FormatoPelicula VALUES (46, 12, 'Wav');
INSERT INTO FormatoPelicula VALUES (47, 13, 'cvd');
INSERT INTO FormatoPelicula VALUES (48, 14, 'mp3');
INSERT INTO FormatoPelicula VALUES (49, 15, 'mp4');
INSERT INTO FormatoPelicula VALUES (50, 16, 'AAC');
INSERT INTO FormatoPelicula VALUES (51, 17, 'Wma');
INSERT INTO FormatoPelicula VALUES (52, 18, 'Wav');
INSERT INTO FormatoPelicula VALUES (53, 19, 'cvd');
INSERT INTO FormatoPelicula VALUES (54, 20, 'mp3');



INSERT INTO Series VALUES (1, 'Juego de Tronos', '7-8-2017', 'Warner Bros.', 'FR', 'Terror', 18, 'B15');
INSERT INTO Series VALUES (2, 'Breaking Bad', '3-8-2017', 'Sony', 'US', 'Gore', 16, 'C');
INSERT INTO Series VALUES (3, 'Vikingos', '7-3-2017', 'Disney', 'US', 'Comedia', 15, 'D');
INSERT INTO Series VALUES (4, 'Chernobyl', '10-4-2017', 'NBCUniversal', 'US', 'Comedia Romántica', 13, 'AA');
INSERT INTO Series VALUES (5, 'Los Soprano', '7-1-2017', '21st Century Fox', 'DE', 'Comedia Negra', 12, 'A');
INSERT INTO Series VALUES (6, 'Outlander', '10-5-2017', 'Warner Bros.', 'US', 'Telenovela', 12, 'B15');
INSERT INTO Series VALUES (7, 'Peaky Blinders', '7-9-2016', 'Sony', 'US', 'Gore', 11, 'C');
INSERT INTO Series VALUES (8, 'Hijos de la anarquía', '7-10-2017', 'Paramount', 'US', 'Comedia Romántica', 20, 'D');
INSERT INTO Series VALUES (9, 'Los Originales', '7-12-2017', 'Disney', 'US', 'Thriller policiaco', 19, 'AA');
INSERT INTO Series VALUES (10, 'Sherlock', '7-3-2017', '21st Century Fox', 'US', 'Terror', 13, 'D');





INSERT INTO temporadas VALUES (1, '1', 1);
INSERT INTO temporadas VALUES (2, '1', 2);
INSERT INTO temporadas VALUES (3, '1', 3);
INSERT INTO temporadas VALUES (4, '1', 4);
INSERT INTO temporadas VALUES (5, '1', 5);
INSERT INTO temporadas VALUES (6, '1', 6);
INSERT INTO temporadas VALUES (7, '1', 7);
INSERT INTO temporadas VALUES (8, '1', 8);
INSERT INTO temporadas VALUES (9, '1', 9);
INSERT INTO temporadas VALUES (10, '1', 10);







INSERT INTO EPISODIOS VALUES (1, '7-8-2017', '1', 'Piloto', '1', '27', '10', 1);
INSERT INTO EPISODIOS VALUES (2, '7-8-2017', '2', 'Se acerca el invierno', '1', '10', '23', 1);
INSERT INTO EPISODIOS VALUES (3, '8-8-2017', '3', 'El Norte no olvida', '1', '4', '11', 1);
INSERT INTO EPISODIOS VALUES (4, '9-8-2017', '4', 'El Camino Real', '1', '27', '40', 1);
INSERT INTO EPISODIOS VALUES (5, '10-8-2017', '1', 'Piloto', '1', '6', '36', 2);
INSERT INTO EPISODIOS VALUES (6, '11-8-2017', '2', 'Lord Nieve', '1', '38', '53', 2);
INSERT INTO EPISODIOS VALUES (7, '12-8-2017', '3', 'El lobo y el león', '1', '37', '15', 2);
INSERT INTO EPISODIOS VALUES (8, '13-8-2017', '4', 'Una corona de oro', '1', '26', '40', 2);
INSERT INTO EPISODIOS VALUES (9, '14-8-2017', '1', 'Piloto', '1', '27', '10', 3);
INSERT INTO EPISODIOS VALUES (10, '15-8-2017', '2', 'Ganas o mueres', '1', '10', '23', 3);
INSERT INTO EPISODIOS VALUES (11, '16-8-2017', '3', 'Por el lado de la punta', '1', '4', '11', 3);
INSERT INTO EPISODIOS VALUES (12, '17-8-2017', '4', 'Baelor', '1', '27', '40', 3);
INSERT INTO EPISODIOS VALUES (13, '18-8-2017', '1', 'Piloto', '1', '6', '36', 4);
INSERT INTO EPISODIOS VALUES (14, '19-8-2017', '2', 'Fuego y sangre', '1', '38', '53', 4);
INSERT INTO EPISODIOS VALUES (15, '20-8-2017', '3', 'Alas negras, palabras negras', '1', '37', '15', 4);
INSERT INTO EPISODIOS VALUES (16, '21-8-2017', '4', 'El Camino del Castigo', '1', '26', '40', 4);






INSERT INTO FormatoEPISODIO VALUES (1, 1, 'cvd');
INSERT INTO FormatoEPISODIO VALUES (2, 1, 'mp3');
INSERT INTO FormatoEPISODIO VALUES (3, 1, 'mp4');
INSERT INTO FormatoEPISODIO VALUES (4, 1, 'AAC');
INSERT INTO FormatoEPISODIO VALUES (5, 1, 'Wma');
INSERT INTO FormatoEPISODIO VALUES (6, 1, 'Wav');
INSERT INTO FormatoEPISODIO VALUES (7, 1, 'Mpc');
INSERT INTO FormatoEPISODIO VALUES (8, 2, 'cvd');
INSERT INTO FormatoEPISODIO VALUES (9, 2, 'mp3');
INSERT INTO FormatoEPISODIO VALUES (10, 2, 'mp4');
INSERT INTO FormatoEPISODIO VALUES (11, 2, 'AAC');
INSERT INTO FormatoEPISODIO VALUES (12, 2, 'Wma');
INSERT INTO FormatoEPISODIO VALUES (13, 2, 'Wav');
INSERT INTO FormatoEPISODIO VALUES (14, 2, 'Mpc');
INSERT INTO FormatoEPISODIO VALUES (15, 3, 'cvd');
INSERT INTO FormatoEPISODIO VALUES (16, 3, 'mp3');
INSERT INTO FormatoEPISODIO VALUES (17, 3, 'mp4');
INSERT INTO FormatoEPISODIO VALUES (18, 3, 'AAC');
INSERT INTO FormatoEPISODIO VALUES (19, 3, 'Wma');
INSERT INTO FormatoEPISODIO VALUES (20, 3, 'Wav');
INSERT INTO FormatoEPISODIO VALUES (21, 4, 'cvd');
INSERT INTO FormatoEPISODIO VALUES (22, 4, 'mp3');
INSERT INTO FormatoEPISODIO VALUES (23, 4, 'mp4');
INSERT INTO FormatoEPISODIO VALUES (24, 4, 'AAC');
INSERT INTO FormatoEPISODIO VALUES (25, 4, 'Wma');
INSERT INTO FormatoEPISODIO VALUES (26, 4, 'Wav');
INSERT INTO FormatoEPISODIO VALUES (27, 4, 'Mpc');
INSERT INTO FormatoEPISODIO VALUES (28, 5, 'cvd');
INSERT INTO FormatoEPISODIO VALUES (29, 5, 'mp3');
INSERT INTO FormatoEPISODIO VALUES (30, 5, 'mp4');
INSERT INTO FormatoEPISODIO VALUES (31, 5, 'AAC');
INSERT INTO FormatoEPISODIO VALUES (32, 5, 'Wma');
INSERT INTO FormatoEPISODIO VALUES (33, 5, 'Wav');
INSERT INTO FormatoEPISODIO VALUES (34, 5, 'Mpc');
INSERT INTO FormatoEPISODIO VALUES (35, 6, 'cvd');
INSERT INTO FormatoEPISODIO VALUES (36, 6, 'mp3');
INSERT INTO FormatoEPISODIO VALUES (37, 6, 'mp4');
INSERT INTO FormatoEPISODIO VALUES (38, 6, 'AAC');
INSERT INTO FormatoEPISODIO VALUES (39, 6, 'Wma');
INSERT INTO FormatoEPISODIO VALUES (40, 6, 'Wav');
INSERT INTO FormatoEPISODIO VALUES (41, 7, 'cvd');
INSERT INTO FormatoEPISODIO VALUES (42, 8, 'mp3');
INSERT INTO FormatoEPISODIO VALUES (43, 9, 'mp4');
INSERT INTO FormatoEPISODIO VALUES (44, 10, 'AAC');
INSERT INTO FormatoEPISODIO VALUES (45, 11, 'Wma');
INSERT INTO FormatoEPISODIO VALUES (46, 12, 'Wav');
INSERT INTO FormatoEPISODIO VALUES (47, 13, 'cvd');
INSERT INTO FormatoEPISODIO VALUES (48, 14, 'mp3');
INSERT INTO FormatoEPISODIO VALUES (49, 15, 'mp4');
INSERT INTO FormatoEPISODIO VALUES (50, 16, 'AAC');









INSERT INTO documentales VALUES (1, 'The Last Dance', '7-8-2020', 'Gore');
INSERT INTO documentales VALUES (2, 'Apuntes para una película de atracos', '6-10-2018', 'Gore');
INSERT INTO documentales VALUES (3, 'Fyre: The Greatest Party That Never Happened', '25-4-2018', 'Gore');
INSERT INTO documentales VALUES (4, 'Food, Inc.', '20-2-2008', 'Gore');
INSERT INTO documentales VALUES (5, 'The Act of Killing', '17-5-2012', 'Gore');
INSERT INTO documentales VALUES (6, 'Grizzly Man', '5-2-2005', 'Gore');






INSERT INTO FormatoDocumentales VALUES (1, 'cvd', 1);
INSERT INTO FormatoDocumentales VALUES (2, 'mp3', 1);
INSERT INTO FormatoDocumentales VALUES (3, 'mp4', 1);
INSERT INTO FormatoDocumentales VALUES (4, 'AAC', 1);
INSERT INTO FormatoDocumentales VALUES (5, 'Wma', 1);
INSERT INTO FormatoDocumentales VALUES (6, 'Wav', 1);
INSERT INTO FormatoDocumentales VALUES (7, 'Mpc', 1);
INSERT INTO FormatoDocumentales VALUES (8, 'cvd', 2);
INSERT INTO FormatoDocumentales VALUES (9, 'mp3', 2);
INSERT INTO FormatoDocumentales VALUES (10, 'mp4', 2);
INSERT INTO FormatoDocumentales VALUES (11, 'AAC', 2);
INSERT INTO FormatoDocumentales VALUES (12, 'Wma', 2);
INSERT INTO FormatoDocumentales VALUES (13, 'Wav', 2);
INSERT INTO FormatoDocumentales VALUES (14, 'Mpc', 2);
INSERT INTO FormatoDocumentales VALUES (15, 'cvd', 3);
INSERT INTO FormatoDocumentales VALUES (16, 'mp3', 3);
INSERT INTO FormatoDocumentales VALUES (17, 'mp4', 3);
INSERT INTO FormatoDocumentales VALUES (18, 'AAC', 3);
INSERT INTO FormatoDocumentales VALUES (19, 'Wma', 3);
INSERT INTO FormatoDocumentales VALUES (20, 'Wav', 3);
INSERT INTO FormatoDocumentales VALUES (21, 'cvd', 4);
INSERT INTO FormatoDocumentales VALUES (22, 'mp3', 4);
INSERT INTO FormatoDocumentales VALUES (23, 'mp4', 4);
INSERT INTO FormatoDocumentales VALUES (24, 'AAC', 4);
INSERT INTO FormatoDocumentales VALUES (25, 'Wma', 4);
INSERT INTO FormatoDocumentales VALUES (26, 'Wav', 4);
INSERT INTO FormatoDocumentales VALUES (27, 'Mpc', 4);
INSERT INTO FormatoDocumentales VALUES (28, 'cvd', 5);
INSERT INTO FormatoDocumentales VALUES (29, 'mp3', 5);
INSERT INTO FormatoDocumentales VALUES (30, 'mp4', 5);
INSERT INTO FormatoDocumentales VALUES (31, 'AAC', 5);
INSERT INTO FormatoDocumentales VALUES (32, 'Wma', 5);
INSERT INTO FormatoDocumentales VALUES (33, 'Wav', 5);
INSERT INTO FormatoDocumentales VALUES (34, 'Mpc', 5);
INSERT INTO FormatoDocumentales VALUES (35, 'cvd', 6);
INSERT INTO FormatoDocumentales VALUES (36, 'mp3', 6);
INSERT INTO FormatoDocumentales VALUES (37, 'mp4', 6);
INSERT INTO FormatoDocumentales VALUES (38, 'AAC', 6);
INSERT INTO FormatoDocumentales VALUES (39, 'Wma', 6);
INSERT INTO FormatoDocumentales VALUES (40, 'Wav', 6);







INSERT INTO VideosMusicales VALUES (1, 'Perfect', '1', '38', '53', null, null, 'Bosa Nova', 24);
INSERT INTO VideosMusicales VALUES (2, 'How Would You Feel', '1', '37', '15', null, null, 'Celta', 21);
INSERT INTO VideosMusicales VALUES (3, 'Lego House', '1', '26', '40', null, null, 'Clásica', 21);
INSERT INTO VideosMusicales VALUES (4, 'Tenerife Sea', '1', '27', '10', null, null, 'Corrido', 28);
INSERT INTO VideosMusicales VALUES (5, 'Thinking Out Loud', '1', '10', '23', null, null, 'Country', 30);
INSERT INTO VideosMusicales VALUES (6, 'Hearts do not break around here', '1', '4', '11', null, null, 'Criollo', 27);
INSERT INTO VideosMusicales VALUES (7, 'Kiss Me', '1', '27', '40', null, null, 'Funk', 30);
INSERT INTO VideosMusicales VALUES (8, 'Firefly', '1', '37', '15', null, null, 'Garage Rock', 30);
INSERT INTO VideosMusicales VALUES (9, 'Photograph', '1', '26', '40', null, null, 'Gospel', 22);
INSERT INTO VideosMusicales VALUES (10, 'Sing', '1', '27', '10', null, null, 'Country', 29);
INSERT INTO VideosMusicales VALUES (11, 'What is Going On ', '1', '10', '23', null, null, 'Criollo', 24);
INSERT INTO VideosMusicales VALUES (12, 'Sweet Jane', '1', '4', '11', null, null, 'Funk', 22);
INSERT INTO VideosMusicales VALUES (13, 'Powderfinger', '1', '27', '40', null, null, 'Garage Rock', 29);
INSERT INTO VideosMusicales VALUES (14, 'Space Oddity', '1', '37', '15', null, null, 'Gospel', 30);
INSERT INTO VideosMusicales VALUES (15, 'American Tune', '1', '26', '40', null, null, 'Clásica', 28);





INSERT INTO FormatoVideoMusical VALUES (1, 1, 'cvd');
INSERT INTO FormatoVideoMusical VALUES (2, 1, 'mp3');
INSERT INTO FormatoVideoMusical VALUES (3, 1, 'mp4');
INSERT INTO FormatoVideoMusical VALUES (4, 1, 'AAC');
INSERT INTO FormatoVideoMusical VALUES (5, 1, 'Wma');
INSERT INTO FormatoVideoMusical VALUES (6, 1, 'Wav');
INSERT INTO FormatoVideoMusical VALUES (7, 1, 'Mpc');
INSERT INTO FormatoVideoMusical VALUES (8, 2, 'cvd');
INSERT INTO FormatoVideoMusical VALUES (9, 2, 'mp3');
INSERT INTO FormatoVideoMusical VALUES (10, 2, 'mp4');
INSERT INTO FormatoVideoMusical VALUES (11, 2, 'AAC');
INSERT INTO FormatoVideoMusical VALUES (12, 2, 'Wma');
INSERT INTO FormatoVideoMusical VALUES (13, 2, 'Wav');
INSERT INTO FormatoVideoMusical VALUES (14, 2, 'Mpc');
INSERT INTO FormatoVideoMusical VALUES (15, 3, 'cvd');
INSERT INTO FormatoVideoMusical VALUES (16, 3, 'mp3');
INSERT INTO FormatoVideoMusical VALUES (17, 3, 'mp4');
INSERT INTO FormatoVideoMusical VALUES (18, 3, 'AAC');
INSERT INTO FormatoVideoMusical VALUES (19, 3, 'Wma');
INSERT INTO FormatoVideoMusical VALUES (20, 3, 'Wav');
INSERT INTO FormatoVideoMusical VALUES (21, 4, 'cvd');
INSERT INTO FormatoVideoMusical VALUES (22, 4, 'mp3');
INSERT INTO FormatoVideoMusical VALUES (23, 4, 'mp4');
INSERT INTO FormatoVideoMusical VALUES (24, 4, 'AAC');
INSERT INTO FormatoVideoMusical VALUES (25, 4, 'Wma');
INSERT INTO FormatoVideoMusical VALUES (26, 4, 'Wav');
INSERT INTO FormatoVideoMusical VALUES (27, 4, 'Mpc');
INSERT INTO FormatoVideoMusical VALUES (28, 5, 'cvd');
INSERT INTO FormatoVideoMusical VALUES (29, 5, 'mp3');
INSERT INTO FormatoVideoMusical VALUES (30, 5, 'mp4');
INSERT INTO FormatoVideoMusical VALUES (31, 5, 'AAC');
INSERT INTO FormatoVideoMusical VALUES (32, 5, 'Wma');
INSERT INTO FormatoVideoMusical VALUES (33, 5, 'Wav');
INSERT INTO FormatoVideoMusical VALUES (34, 5, 'Mpc');
INSERT INTO FormatoVideoMusical VALUES (35, 6, 'cvd');
INSERT INTO FormatoVideoMusical VALUES (36, 6, 'mp3');
INSERT INTO FormatoVideoMusical VALUES (37, 6, 'mp4');
INSERT INTO FormatoVideoMusical VALUES (38, 6, 'AAC');
INSERT INTO FormatoVideoMusical VALUES (39, 6, 'Wma');
INSERT INTO FormatoVideoMusical VALUES (40, 6, 'Wav');
INSERT INTO FormatoVideoMusical VALUES (41, 7, 'cvd');
INSERT INTO FormatoVideoMusical VALUES (42, 8, 'mp3');
INSERT INTO FormatoVideoMusical VALUES (43, 9, 'mp4');
INSERT INTO FormatoVideoMusical VALUES (44, 10, 'AAC');









INSERT INTO TansmicionesEnVivo VALUES (1, 'Mad Cool: El rey de los festivales', '6-10-2018', '5', '37', '15', 'Celta');
INSERT INTO TansmicionesEnVivo VALUES (2, 'Un gran festival con los pies en la arena', '25-4-2018', '6', '26', '40', 'Clásica');
INSERT INTO TansmicionesEnVivo VALUES (3, 'Bailando en los jardines de palacio', '12-11-2017', '6', '27', '10', 'Corrido');
INSERT INTO TansmicionesEnVivo VALUES (4, 'Country a casi 7.000km de Nashville', '1-6-2017', '5', '10', '23', 'Country');
INSERT INTO TansmicionesEnVivo VALUES (5, 'De fiesta en una antigua granja', '1-12-2016', '5', '4', '11', 'Criollo');
INSERT INTO TansmicionesEnVivo VALUES (6, 'El secreto mejor guardado', '8-7-2016', '6', '27', '40', 'Cumbia');
INSERT INTO TansmicionesEnVivo VALUES (7, 'Festival de Blues de la Bahía de Chesapeake', '26-1-2016', '5', '37', '15', 'Country');
INSERT INTO TansmicionesEnVivo VALUES (8, 'DC Jazz Festival', '1-8-2015', '6', '26', '40', 'Clásica');









INSERT INTO AudioLibro VALUES (1, 'En el momento del parpadeo: Un punto de vista sobre el montaje cinematográfico', '1', '37', '15', '14-11-2017', '47', 'Editorial Letra Maya', null, 1, 'Terror');
INSERT INTO AudioLibro VALUES (2, 'On Directing Film', '1', '26', '40', '19-5-2017', '39', 'Editorial Digital de la Imprenta Nacional', null, 1, 'Gore');
INSERT INTO AudioLibro VALUES (3, 'El Cine según Hitchcock', '1', '27', '10', '30-12-2013', '18', 'Fruit Salad Shaker Ed.', null, 9, 'Comedia');
INSERT INTO AudioLibro VALUES (4, 'Conquista de lo inútil', '1', '4', '11', '15-10-2000', '5', 'Editorial ClubdeLibros', null, 7, 'Comedia Romántica');
INSERT INTO AudioLibro VALUES (5, 'Cinematografía: teoría y práctica', '1', '27', '40', '18-6-2017', '14', 'Editorial CulturaCR', null, 2, 'Comedia Negra');
INSERT INTO AudioLibro VALUES (6, 'Así se hacen las películas', '1', '37', '15', '18-10-2015', '17', 'Ediciones Perro Azul', null, 3, 'Telenovela');
INSERT INTO AudioLibro VALUES (7, 'Rebelde sin pasta', '1', '26', '40', '21-12-2006', '34', 'Revista Ikaro', null, 10, 'Thriller');
INSERT INTO AudioLibro VALUES (8, 'Dramaturgia de Hamburgo', '1', '27', '10', '14-11-2017', '40', 'EDITORIAL POIESIS', null, 4, 'Thriller Psicológico');
INSERT INTO AudioLibro VALUES (9, 'Anastasia y yo; la historia de Kullervo', '1', '10', '23', '19-5-2017', '32', 'Editorial Eva', null, 4, 'Thriller policiaco');
INSERT INTO AudioLibro VALUES (10, 'Matarile', '1', '27', '40', '30-12-2013', '10', 'Pechi', null, 2, 'Thriller Informático');
INSERT INTO AudioLibro VALUES (11, 'Democracia', '1', '37', '15', '15-10-2000', '2', 'Creanova Ltda.', null, 9, 'Thriller Legal o jurídico');
INSERT INTO AudioLibro VALUES (12, 'Teatro, política, sociedad', '1', '26', '40', '18-6-2017', '45', 'Ojalá Ediciones', null, 4, 'Thriller Gangster o de mafia');
INSERT INTO AudioLibro VALUES (13, 'Baile de huesos', '1', '27', '40', '18-10-2015', '2', 'Didáctica Carrusel S. A.', null, 9, 'Thriller político');
INSERT INTO AudioLibro VALUES (14, 'Por un teatro cívico', '1', '37', '15', '21-12-2006', '16', 'Ediciones Espiral', null, 2, 'Gore');
INSERT INTO AudioLibro VALUES (15, 'Teatro de cabaret', '1', '26', '40', '14-11-2017', '16', 'Dagus Ediciones', null, 2, 'Comedia');
INSERT INTO AudioLibro VALUES (16, 'Moby Dick, un ensayo', '1', '27', '10', '14-11-2017', '43', 'Editorial La Jirafa y Yo', null, 4, 'Comedia Romántica');
INSERT INTO AudioLibro VALUES (17, 'Del arte del teatro', '1', '10', '23', '19-5-2017', '15', 'Editorial Arboleda', null, 1, 'Comedia Negra');
INSERT INTO AudioLibro VALUES (18, 'Misterio y festival', '1', '10', '23', '30-12-2013', '21', 'Ediciones Jadine', null, 2, 'Telenovela');
INSERT INTO AudioLibro VALUES (19, 'La cadena rota', '1', '27', '40', '15-10-2000', '34', 'Didáctica Multimedia', null, 7, 'Thriller');
INSERT INTO AudioLibro VALUES (20, 'Memorias', '1', '37', '15', '18-6-2017', '40', 'Uruk Editores', null, 10, 'Comedia');





INSERT INTO FormatoAudioLibro VALUES (1, 'cvd', 1);
INSERT INTO FormatoAudioLibro VALUES (2, 'mp3', 1);
INSERT INTO FormatoAudioLibro VALUES (3, 'mp4', 1);
INSERT INTO FormatoAudioLibro VALUES (4, 'AAC', 1);
INSERT INTO FormatoAudioLibro VALUES (5, 'Wma', 1);
INSERT INTO FormatoAudioLibro VALUES (6, 'Wav', 1);
INSERT INTO FormatoAudioLibro VALUES (7, 'Mpc', 1);
INSERT INTO FormatoAudioLibro VALUES (8, 'cvd', 2);
INSERT INTO FormatoAudioLibro VALUES (9, 'mp3', 2);
INSERT INTO FormatoAudioLibro VALUES (10, 'mp4', 2);
INSERT INTO FormatoAudioLibro VALUES (11, 'AAC', 2);
INSERT INTO FormatoAudioLibro VALUES (12, 'Wma', 2);
INSERT INTO FormatoAudioLibro VALUES (13, 'Wav', 2);
INSERT INTO FormatoAudioLibro VALUES (14, 'Mpc', 2);
INSERT INTO FormatoAudioLibro VALUES (15, 'cvd', 3);
INSERT INTO FormatoAudioLibro VALUES (16, 'mp3', 3);
INSERT INTO FormatoAudioLibro VALUES (17, 'mp4', 3);
INSERT INTO FormatoAudioLibro VALUES (18, 'AAC', 3);
INSERT INTO FormatoAudioLibro VALUES (19, 'Wma', 3);
INSERT INTO FormatoAudioLibro VALUES (20, 'Wav', 3);
INSERT INTO FormatoAudioLibro VALUES (21, 'cvd', 4);
INSERT INTO FormatoAudioLibro VALUES (22, 'mp3', 4);
INSERT INTO FormatoAudioLibro VALUES (23, 'mp4', 4);
INSERT INTO FormatoAudioLibro VALUES (24, 'AAC', 4);
INSERT INTO FormatoAudioLibro VALUES (25, 'Wma', 4);
INSERT INTO FormatoAudioLibro VALUES (26, 'Wav', 4);
INSERT INTO FormatoAudioLibro VALUES (27, 'Mpc', 4);
INSERT INTO FormatoAudioLibro VALUES (28, 'cvd', 5);
INSERT INTO FormatoAudioLibro VALUES (29, 'mp3', 5);
INSERT INTO FormatoAudioLibro VALUES (30, 'mp4', 5);
INSERT INTO FormatoAudioLibro VALUES (31, 'AAC', 5);
INSERT INTO FormatoAudioLibro VALUES (32, 'Wma', 5);
INSERT INTO FormatoAudioLibro VALUES (33, 'Wav', 5);
INSERT INTO FormatoAudioLibro VALUES (34, 'Mpc', 5);
INSERT INTO FormatoAudioLibro VALUES (35, 'cvd', 6);
INSERT INTO FormatoAudioLibro VALUES (36, 'mp3', 6);
INSERT INTO FormatoAudioLibro VALUES (37, 'mp4', 6);
INSERT INTO FormatoAudioLibro VALUES (38, 'AAC', 6);
INSERT INTO FormatoAudioLibro VALUES (39, 'Wma', 6);
INSERT INTO FormatoAudioLibro VALUES (40, 'Wav', 6);
INSERT INTO FormatoAudioLibro VALUES (41, 'cvd', 7);
INSERT INTO FormatoAudioLibro VALUES (42, 'mp3', 8);
INSERT INTO FormatoAudioLibro VALUES (43, 'mp4', 9);
INSERT INTO FormatoAudioLibro VALUES (44, 'AAC', 10);
INSERT INTO FormatoAudioLibro VALUES (45, 'Wma', 11);
INSERT INTO FormatoAudioLibro VALUES (46, 'Wav', 12);
INSERT INTO FormatoAudioLibro VALUES (47, 'cvd', 13);
INSERT INTO FormatoAudioLibro VALUES (48, 'mp3', 14);
INSERT INTO FormatoAudioLibro VALUES (49, 'mp4', 15);
INSERT INTO FormatoAudioLibro VALUES (50, 'AAC', 16);
INSERT INTO FormatoAudioLibro VALUES (51, 'Wma', 17);
INSERT INTO FormatoAudioLibro VALUES (52, 'Wav', 18);
INSERT INTO FormatoAudioLibro VALUES (53, 'cvd', 19);
INSERT INTO FormatoAudioLibro VALUES (54, 'mp3', 20);







INSERT INTO FormasDePago VALUES ('Tarjeta de credito');
INSERT INTO FormasDePago VALUES ('PayPal');
INSERT INTO FormasDePago VALUES ('Efectivo');










INSERT INTO Cliente_FormaDePago VALUES (117840834, 'Tarjeta de credito');
INSERT INTO Cliente_FormaDePago VALUES (117840834, 'PayPal');
INSERT INTO Cliente_FormaDePago VALUES (117840834, 'Efectivo');
INSERT INTO Cliente_FormaDePago VALUES (212549798, 'Tarjeta de credito');
INSERT INTO Cliente_FormaDePago VALUES (212549798, 'PayPal');
INSERT INTO Cliente_FormaDePago VALUES (212549798, 'Efectivo');










INSERT INTO RepartoSerie VALUES (1, 5);
INSERT INTO RepartoSerie VALUES (2, 1);
INSERT INTO RepartoSerie VALUES (3, 3);
INSERT INTO RepartoSerie VALUES (4, 5);
INSERT INTO RepartoSerie VALUES (5, 3);
INSERT INTO RepartoSerie VALUES (6, 4);
INSERT INTO RepartoSerie VALUES (7, 7);
INSERT INTO RepartoSerie VALUES (8, 4);
INSERT INTO RepartoSerie VALUES (9, 9);
INSERT INTO RepartoSerie VALUES (10, 5);
INSERT INTO RepartoSerie VALUES (1, 4);
INSERT INTO RepartoSerie VALUES (2, 6);
INSERT INTO RepartoSerie VALUES (3, 1);
INSERT INTO RepartoSerie VALUES (4, 7);
INSERT INTO RepartoSerie VALUES (5, 8);
INSERT INTO RepartoSerie VALUES (6, 6);
INSERT INTO RepartoSerie VALUES (7, 10);
INSERT INTO RepartoSerie VALUES (8, 8);
INSERT INTO RepartoSerie VALUES (9, 2);
INSERT INTO RepartoSerie VALUES (10, 7);
INSERT INTO RepartoSerie VALUES (1, 8);
INSERT INTO RepartoSerie VALUES (2, 8);
INSERT INTO RepartoSerie VALUES (3, 4);
INSERT INTO RepartoSerie VALUES (4, 10);
INSERT INTO RepartoSerie VALUES (5, 7);
INSERT INTO RepartoSerie VALUES (6, 9);
INSERT INTO RepartoSerie VALUES (7, 8);
INSERT INTO RepartoSerie VALUES (8, 5);
INSERT INTO RepartoSerie VALUES (10, 1);




INSERT INTO TiposArtistas VALUES ('Actor');
INSERT INTO TiposArtistas VALUES ('Músico');
INSERT INTO TiposArtistas VALUES ('Director');
INSERT INTO TiposArtistas VALUES ('Productor');







INSERT INTO ArtistaTipoArtista VALUES (1, 'Actor');
INSERT INTO ArtistaTipoArtista VALUES (2, 'Actor');
INSERT INTO ArtistaTipoArtista VALUES (3, 'Actor');
INSERT INTO ArtistaTipoArtista VALUES (4, 'Actor');
INSERT INTO ArtistaTipoArtista VALUES (5, 'Actor');
INSERT INTO ArtistaTipoArtista VALUES (6, 'Actor');
INSERT INTO ArtistaTipoArtista VALUES (7, 'Actor');
INSERT INTO ArtistaTipoArtista VALUES (8, 'Actor');
INSERT INTO ArtistaTipoArtista VALUES (9, 'Actor');
INSERT INTO ArtistaTipoArtista VALUES (10, 'Actor');
INSERT INTO ArtistaTipoArtista VALUES (11, 'Director');
INSERT INTO ArtistaTipoArtista VALUES (12, 'Director');
INSERT INTO ArtistaTipoArtista VALUES (13, 'Director');
INSERT INTO ArtistaTipoArtista VALUES (14, 'Director');
INSERT INTO ArtistaTipoArtista VALUES (15, 'Director');
INSERT INTO ArtistaTipoArtista VALUES (16, 'Director');
INSERT INTO ArtistaTipoArtista VALUES (17, 'Director');
INSERT INTO ArtistaTipoArtista VALUES (18, 'Director');
INSERT INTO ArtistaTipoArtista VALUES (19, 'Director');
INSERT INTO ArtistaTipoArtista VALUES (20, 'Director');
INSERT INTO ArtistaTipoArtista VALUES (21, 'Músico');
INSERT INTO ArtistaTipoArtista VALUES (22, 'Músico');
INSERT INTO ArtistaTipoArtista VALUES (23, 'Músico');
INSERT INTO ArtistaTipoArtista VALUES (24, 'Músico');
INSERT INTO ArtistaTipoArtista VALUES (25, 'Músico');
INSERT INTO ArtistaTipoArtista VALUES (26, 'Músico');
INSERT INTO ArtistaTipoArtista VALUES (27, 'Músico');
INSERT INTO ArtistaTipoArtista VALUES (28, 'Músico');
INSERT INTO ArtistaTipoArtista VALUES (29, 'Músico');
INSERT INTO ArtistaTipoArtista VALUES (30, 'Músico');






INSERT INTO ArtistaTransmicion VALUES (21, 6);
INSERT INTO ArtistaTransmicion VALUES (22, 7);
INSERT INTO ArtistaTransmicion VALUES (23, 8);
INSERT INTO ArtistaTransmicion VALUES (24, 6);
INSERT INTO ArtistaTransmicion VALUES (25, 8);
INSERT INTO ArtistaTransmicion VALUES (26, 6);
INSERT INTO ArtistaTransmicion VALUES (27, 3);
INSERT INTO ArtistaTransmicion VALUES (28, 3);
INSERT INTO ArtistaTransmicion VALUES (29, 1);
INSERT INTO ArtistaTransmicion VALUES (30, 2);
INSERT INTO ArtistaTransmicion VALUES (21, 2);
INSERT INTO ArtistaTransmicion VALUES (22, 8);
INSERT INTO ArtistaTransmicion VALUES (23, 2);
INSERT INTO ArtistaTransmicion VALUES (24, 8);
INSERT INTO ArtistaTransmicion VALUES (25, 5);
INSERT INTO ArtistaTransmicion VALUES (26, 8);
INSERT INTO ArtistaTransmicion VALUES (27, 4);
INSERT INTO ArtistaTransmicion VALUES (28, 5);
INSERT INTO ArtistaTransmicion VALUES (29, 8);
INSERT INTO ArtistaTransmicion VALUES (30, 8);
INSERT INTO ArtistaTransmicion VALUES (21, 1);
INSERT INTO ArtistaTransmicion VALUES (23, 1);
INSERT INTO ArtistaTransmicion VALUES (24, 1);
INSERT INTO ArtistaTransmicion VALUES (25, 4);
INSERT INTO ArtistaTransmicion VALUES (26, 7);
INSERT INTO ArtistaTransmicion VALUES (27, 7);
INSERT INTO ArtistaTransmicion VALUES (28, 7);
INSERT INTO ArtistaTransmicion VALUES (29, 2);
INSERT INTO ArtistaTransmicion VALUES (30, 6);







INSERT INTO RepartosPelicula VALUES (1, 7);
INSERT INTO RepartosPelicula VALUES (2, 11);
INSERT INTO RepartosPelicula VALUES (3, 6);
INSERT INTO RepartosPelicula VALUES (4, 17);
INSERT INTO RepartosPelicula VALUES (5, 1);
INSERT INTO RepartosPelicula VALUES (6, 5);
INSERT INTO RepartosPelicula VALUES (7, 5);
INSERT INTO RepartosPelicula VALUES (8, 11);
INSERT INTO RepartosPelicula VALUES (9, 13);
INSERT INTO RepartosPelicula VALUES (10, 2);
INSERT INTO RepartosPelicula VALUES (1, 2);
INSERT INTO RepartosPelicula VALUES (2, 14);
INSERT INTO RepartosPelicula VALUES (3, 8);
INSERT INTO RepartosPelicula VALUES (4, 12);
INSERT INTO RepartosPelicula VALUES (5, 7);
INSERT INTO RepartosPelicula VALUES (6, 6);
INSERT INTO RepartosPelicula VALUES (7, 6);
INSERT INTO RepartosPelicula VALUES (8, 1);
INSERT INTO RepartosPelicula VALUES (9, 4);
INSERT INTO RepartosPelicula VALUES (10, 6);
INSERT INTO RepartosPelicula VALUES (1, 9);
INSERT INTO RepartosPelicula VALUES (2, 2);
INSERT INTO RepartosPelicula VALUES (3, 9);
INSERT INTO RepartosPelicula VALUES (5, 15);
INSERT INTO RepartosPelicula VALUES (6, 12);
INSERT INTO RepartosPelicula VALUES (7, 7);
INSERT INTO RepartosPelicula VALUES (8, 7);
INSERT INTO RepartosPelicula VALUES (9, 5);
INSERT INTO RepartosPelicula VALUES (10, 14);
INSERT INTO RepartosPelicula VALUES (1, 15);
INSERT INTO RepartosPelicula VALUES (2, 8);
INSERT INTO RepartosPelicula VALUES (3, 2);
INSERT INTO RepartosPelicula VALUES (4, 7);
INSERT INTO RepartosPelicula VALUES (5, 13);
INSERT INTO RepartosPelicula VALUES (6, 2);
INSERT INTO RepartosPelicula VALUES (7, 2);
INSERT INTO RepartosPelicula VALUES (8, 8);
INSERT INTO RepartosPelicula VALUES (9, 10);
INSERT INTO RepartosPelicula VALUES (10, 10);






INSERT INTO Descargas VALUES (1, 117840834, '16-8-2020', 19, null, null, null, null);
INSERT INTO Descargas VALUES (2, 117840834, '16-8-2020', 32, null, null, null, null);
INSERT INTO Descargas VALUES (3, 117840834, '16-8-2020', 14, null, null, null, null);
INSERT INTO Descargas VALUES (4, 117840834, '16-8-2020', 16, null, null, null, null);
INSERT INTO Descargas VALUES (5, 117840834, '16-8-2020', 6, null, null, null, null);
INSERT INTO Descargas VALUES (6, 117840834, '16-8-2020', 19, null, null, null, null);
INSERT INTO Descargas VALUES (7, 117840834, '16-8-2020', 11, null, null, null, null);
INSERT INTO Descargas VALUES (8, 117840834, '16-8-2020', 9, null, null, null, null);
INSERT INTO Descargas VALUES (9, 117840834, '16-8-2020', 1, null, null, null, null);
INSERT INTO Descargas VALUES (10, 117840834, '16-8-2020', 23, null, null, null, null);
INSERT INTO Descargas VALUES (11, 117840834, '16-8-2020', 19, null, null, null, null);
INSERT INTO Descargas VALUES (12, 117840834, '16-8-2020', 19, null, null, null, null);
INSERT INTO Descargas VALUES (13, 117840834, '16-8-2020', 16, null, null, null, null);
INSERT INTO Descargas VALUES (14, 117840834, '16-8-2020', 30, null, null, null, null);
INSERT INTO Descargas VALUES (15, 117840834, '16-8-2020', 20, null, null, null, null);
INSERT INTO Descargas VALUES (16, 117840834, '16-8-2020', 1, null, null, null, null);
INSERT INTO Descargas VALUES (17, 117840834, '16-8-2020', 37, null, null, null, null);
INSERT INTO Descargas VALUES (18, 117840834, '16-8-2020', 15, null, null, null, null);
INSERT INTO Descargas VALUES (19, 117840834, '16-8-2020', 8, null, null, null, null);
INSERT INTO Descargas VALUES (20, 117840834, '16-8-2020', null, 20, null, null, null);
INSERT INTO Descargas VALUES (21, 117840834, '16-8-2020', null, 1, null, null, null);
INSERT INTO Descargas VALUES (22, 117840834, '16-8-2020', null, 3, null, null, null);
INSERT INTO Descargas VALUES (23, 117840834, '16-8-2020', null, 14, null, null, null);
INSERT INTO Descargas VALUES (24, 117840834, '16-8-2020', null, 1, null, null, null);
INSERT INTO Descargas VALUES (25, 117840834, '16-8-2020', null, 6, null, null, null);
INSERT INTO Descargas VALUES (26, 117840834, '16-8-2020', null, 29, null, null, null);
INSERT INTO Descargas VALUES (27, 117840834, '16-8-2020', null, 6, null, null, null);
INSERT INTO Descargas VALUES (28, 117840834, '16-8-2020', null, 29, null, null, null);
INSERT INTO Descargas VALUES (29, 117840834, '16-8-2020', null, 17, null, null, null);
INSERT INTO Descargas VALUES (30, 117840834, '16-8-2020', null, 1, null, null, null);
INSERT INTO Descargas VALUES (31, 117840834, '16-8-2020', null, 40, null, null, null);
INSERT INTO Descargas VALUES (32, 117840834, '16-8-2020', null, 39, null, null, null);
INSERT INTO Descargas VALUES (33, 117840834, '16-8-2020', null, 19, null, null, null);
INSERT INTO Descargas VALUES (34, 117840834, '16-8-2020', null, 2, null, null, null);
INSERT INTO Descargas VALUES (35, 117840834, '16-8-2020', null, 34, null, null, null);
INSERT INTO Descargas VALUES (36, 117840834, '16-8-2020', null, 22, null, null, null);
INSERT INTO Descargas VALUES (37, 117840834, '16-8-2020', null, 5, null, null, null);
INSERT INTO Descargas VALUES (38, 117840834, '16-8-2020', null, 31, null, null, null);
INSERT INTO Descargas VALUES (39, 117840834, '16-8-2020', null, 13, null, null, null);
INSERT INTO Descargas VALUES (40, 117840834, '16-8-2020', null, null, 44, null, null);
INSERT INTO Descargas VALUES (41, 117840834, '16-8-2020', null, null, 15, null, null);
INSERT INTO Descargas VALUES (42, 117840834, '16-8-2020', null, null, 6, null, null);
INSERT INTO Descargas VALUES (43, 117840834, '16-8-2020', null, null, 29, null, null);
INSERT INTO Descargas VALUES (44, 117840834, '16-8-2020', null, null, 47, null, null);
INSERT INTO Descargas VALUES (45, 117840834, '16-8-2020', null, null, 50, null, null);
INSERT INTO Descargas VALUES (46, 117840834, '16-8-2020', null, null, 13, null, null);
INSERT INTO Descargas VALUES (47, 117840834, '16-8-2020', null, null, 39, null, null);
INSERT INTO Descargas VALUES (48, 212549798, '16-8-2020', null, null, 29, null, null);
INSERT INTO Descargas VALUES (49, 212549798, '16-8-2020', null, null, 22, null, null);
INSERT INTO Descargas VALUES (50, 212549798, '16-8-2020', null, null, 34, null, null);
INSERT INTO Descargas VALUES (51, 212549798, '16-8-2020', null, null, 10, null, null);
INSERT INTO Descargas VALUES (52, 212549798, '16-8-2020', null, null, 18, null, null);
INSERT INTO Descargas VALUES (53, 212549798, '16-8-2020', null, null, 8, null, null);
INSERT INTO Descargas VALUES (54, 212549798, '16-8-2020', null, null, 30, null, null);
INSERT INTO Descargas VALUES (55, 212549798, '16-8-2020', null, null, 12, null, null);
INSERT INTO Descargas VALUES (56, 212549798, '16-8-2020', null, null, 12, null, null);
INSERT INTO Descargas VALUES (57, 212549798, '16-8-2020', null, null, 5, null, null);
INSERT INTO Descargas VALUES (58, 212549798, '16-8-2020', null, null, 39, null, null);
INSERT INTO Descargas VALUES (59, 212549798, '16-8-2020', null, null, 8, null, null);
INSERT INTO Descargas VALUES (60, 212549798, '16-8-2020', null, null, null, 53, null);
INSERT INTO Descargas VALUES (61, 212549798, '16-8-2020', null, null, null, 5, null);
INSERT INTO Descargas VALUES (62, 212549798, '16-8-2020', null, null, null, 25, null);
INSERT INTO Descargas VALUES (63, 212549798, '16-8-2020', null, null, null, 42, null);
INSERT INTO Descargas VALUES (64, 212549798, '16-8-2020', null, null, null, 20, null);
INSERT INTO Descargas VALUES (65, 212549798, '16-8-2020', null, null, null, 32, null);
INSERT INTO Descargas VALUES (66, 212549798, '16-8-2020', null, null, null, 15, null);
INSERT INTO Descargas VALUES (67, 212549798, '16-8-2020', null, null, null, 23, null);
INSERT INTO Descargas VALUES (68, 212549798, '16-8-2020', null, null, null, 16, null);
INSERT INTO Descargas VALUES (69, 212549798, '16-8-2020', null, null, null, 28, null);
INSERT INTO Descargas VALUES (70, 212549798, '16-8-2020', null, null, null, 29, null);
INSERT INTO Descargas VALUES (71, 212549798, '16-8-2020', null, null, null, 11, null);
INSERT INTO Descargas VALUES (72, 212549798, '16-8-2020', null, null, null, 21, null);
INSERT INTO Descargas VALUES (73, 212549798, '16-8-2020', null, null, null, 24, null);
INSERT INTO Descargas VALUES (74, 212549798, '16-8-2020', null, null, null, 33, null);
INSERT INTO Descargas VALUES (75, 212549798, '16-8-2020', null, null, null, 23, null);
INSERT INTO Descargas VALUES (76, 212549798, '16-8-2020', null, null, null, 8, null);
INSERT INTO Descargas VALUES (77, 212549798, '16-8-2020', null, null, null, 32, null);
INSERT INTO Descargas VALUES (78, 212549798, '16-8-2020', null, null, null, 41, null);
INSERT INTO Descargas VALUES (79, 212549798, '16-8-2020', null, null, null, 32, null);
INSERT INTO Descargas VALUES (80, 212549798, '16-8-2020', null, null, null, 16, null);
INSERT INTO Descargas VALUES (81, 212549798, '16-8-2020', null, null, null, null, 44);
INSERT INTO Descargas VALUES (82, 212549798, '16-8-2020', null, null, null, null, 21);
INSERT INTO Descargas VALUES (83, 212549798, '16-8-2020', null, null, null, null, 31);
INSERT INTO Descargas VALUES (84, 212549798, '16-8-2020', null, null, null, null, 27);
INSERT INTO Descargas VALUES (85, 212549798, '16-8-2020', null, null, null, null, 10);
INSERT INTO Descargas VALUES (86, 212549798, '16-8-2020', null, null, null, null, 27);
INSERT INTO Descargas VALUES (87, 212549798, '16-8-2020', null, null, null, null, 15);
INSERT INTO Descargas VALUES (88, 212549798, '16-8-2020', null, null, null, null, 12);
INSERT INTO Descargas VALUES (89, 212549798, '16-8-2020', null, null, null, null, 36);
INSERT INTO Descargas VALUES (90, 212549798, '16-8-2020', null, null, null, null, 17);
INSERT INTO Descargas VALUES (91, 212549798, '16-8-2020', null, null, null, null, 30);
INSERT INTO Descargas VALUES (92, 212549798, '16-8-2020', null, null, null, null, 26);
INSERT INTO Descargas VALUES (93, 212549798, '16-8-2020', null, null, null, null, 30);
INSERT INTO Descargas VALUES (94, 212549798, '16-8-2020', null, null, null, null, 6);
INSERT INTO Descargas VALUES (95, 212549798, '16-8-2020', null, null, null, null, 41);
INSERT INTO Descargas VALUES (96, 212549798, '16-8-2020', null, null, null, null, 22);
INSERT INTO Descargas VALUES (97, 212549798, '16-8-2020', null, null, null, null, 25);
INSERT INTO Descargas VALUES (98, 212549798, '16-8-2020', null, null, null, null, 11);
INSERT INTO Descargas VALUES (99, 212549798, '16-8-2020', null, null, null, null, 38);
INSERT INTO Descargas VALUES (100, 212549798, '16-8-2020', null, null, null, null, 41);











INSERT INTO Reproducciones VALUES (1, '16-8-2020', '1', 6, 117840834, 15, null, null, null, null, null);
INSERT INTO Reproducciones VALUES (2, '16-8-2020', '0', 17, 117840834, 17, null, null, null, null, null);
INSERT INTO Reproducciones VALUES (3, '16-8-2020', '0', 51, 117840834, 5, null, null, null, null, null);
INSERT INTO Reproducciones VALUES (4, '16-8-2020', '1', 38, 117840834, 10, null, null, null, null, null);
INSERT INTO Reproducciones VALUES (5, '16-8-2020', '0', 44, 117840834, 5, null, null, null, null, null);
INSERT INTO Reproducciones VALUES (6, '16-8-2020', '1', 9, 117840834, 10, null, null, null, null, null);
INSERT INTO Reproducciones VALUES (7, '16-8-2020', '1', 55, 117840834, 9, null, null, null, null, null);
INSERT INTO Reproducciones VALUES (8, '16-8-2020', '1', 26, 117840834, 18, null, null, null, null, null);
INSERT INTO Reproducciones VALUES (9, '16-8-2020', '1', 47, 117840834, 14, null, null, null, null, null);
INSERT INTO Reproducciones VALUES (10, '16-8-2020', '0', 46, 117840834, 13, null, null, null, null, null);
INSERT INTO Reproducciones VALUES (11, '16-8-2020', '0', 59, 117840834, 9, null, null, null, null, null);
INSERT INTO Reproducciones VALUES (12, '16-8-2020', '1', 36, 117840834, 1, null, null, null, null, null);
INSERT INTO Reproducciones VALUES (13, '16-8-2020', '0', 18, 117840834, 7, null, null, null, null, null);
INSERT INTO Reproducciones VALUES (14, '16-8-2020', '1', 10, 117840834, 5, null, null, null, null, null);
INSERT INTO Reproducciones VALUES (15, '16-8-2020', '0', 30, 117840834, 10, null, null, null, null, null);
INSERT INTO Reproducciones VALUES (16, '16-8-2020', '0', 12, 117840834, 3, null, null, null, null, null);
INSERT INTO Reproducciones VALUES (17, '16-8-2020', '0', 52, 117840834, 2, null, null, null, null, null);
INSERT INTO Reproducciones VALUES (18, '16-8-2020', '0', 27, 117840834, 1, null, null, null, null, null);
INSERT INTO Reproducciones VALUES (19, '16-8-2020', '1', 28, 117840834, 2, null, null, null, null, null);
INSERT INTO Reproducciones VALUES (20, '16-8-2020', '1', 39, 117840834, null, 5, null, null, null, null);
INSERT INTO Reproducciones VALUES (21, '16-8-2020', '0', 4, 117840834, null, 1, null, null, null, null);
INSERT INTO Reproducciones VALUES (22, '16-8-2020', '0', 47, 117840834, null, 4, null, null, null, null);
INSERT INTO Reproducciones VALUES (23, '16-8-2020', '0', 8, 117840834, null, 7, null, null, null, null);
INSERT INTO Reproducciones VALUES (24, '16-8-2020', '0', 46, 117840834, null, 4, null, null, null, null);
INSERT INTO Reproducciones VALUES (25, '16-8-2020', '0', 48, 117840834, null, 2, null, null, null, null);
INSERT INTO Reproducciones VALUES (26, '16-8-2020', '1', 41, 117840834, null, 7, null, null, null, null);
INSERT INTO Reproducciones VALUES (27, '16-8-2020', '1', 59, 117840834, null, 4, null, null, null, null);
INSERT INTO Reproducciones VALUES (28, '16-8-2020', '1', 36, 117840834, null, 7, null, null, null, null);
INSERT INTO Reproducciones VALUES (29, '16-8-2020', '0', 42, 117840834, null, 2, null, null, null, null);
INSERT INTO Reproducciones VALUES (30, '16-8-2020', '1', 16, 117840834, null, 1, null, null, null, null);
INSERT INTO Reproducciones VALUES (31, '16-8-2020', '0', 21, 117840834, null, 1, null, null, null, null);
INSERT INTO Reproducciones VALUES (32, '16-8-2020', '0', 8, 117840834, null, 3, null, null, null, null);
INSERT INTO Reproducciones VALUES (33, '16-8-2020', '1', 41, 117840834, null, 3, null, null, null, null);
INSERT INTO Reproducciones VALUES (34, '16-8-2020', '1', 6, 117840834, null, 3, null, null, null, null);
INSERT INTO Reproducciones VALUES (35, '16-8-2020', '1', 60, 117840834, null, 4, null, null, null, null);
INSERT INTO Reproducciones VALUES (36, '16-8-2020', '0', 59, 117840834, null, 4, null, null, null, null);
INSERT INTO Reproducciones VALUES (37, '16-8-2020', '1', 41, 117840834, null, 7, null, null, null, null);
INSERT INTO Reproducciones VALUES (38, '16-8-2020', '0', 23, 117840834, null, 1, null, null, null, null);
INSERT INTO Reproducciones VALUES (39, '16-8-2020', '0', 3, 117840834, null, 5, null, null, null, null);
INSERT INTO Reproducciones VALUES (40, '16-8-2020', '0', 50, 117840834, null, null, 14, null, null, null);
INSERT INTO Reproducciones VALUES (41, '16-8-2020', '0', 50, 117840834, null, null, 3, null, null, null);
INSERT INTO Reproducciones VALUES (42, '16-8-2020', '1', 23, 117840834, null, null, 1, null, null, null);
INSERT INTO Reproducciones VALUES (43, '16-8-2020', '1', 25, 117840834, null, null, 7, null, null, null);
INSERT INTO Reproducciones VALUES (44, '16-8-2020', '1', 54, 117840834, null, null, 10, null, null, null);
INSERT INTO Reproducciones VALUES (45, '16-8-2020', '0', 6, 117840834, null, null, 4, null, null, null);
INSERT INTO Reproducciones VALUES (46, '16-8-2020', '0', 42, 117840834, null, null, 3, null, null, null);
INSERT INTO Reproducciones VALUES (47, '16-8-2020', '1', 4, 117840834, null, null, 2, null, null, null);
INSERT INTO Reproducciones VALUES (48, '16-8-2020', '1', 35, 117840834, null, null, 14, null, null, null);
INSERT INTO Reproducciones VALUES (49, '16-8-2020', '0', 4, 117840834, null, null, 8, null, null, null);
INSERT INTO Reproducciones VALUES (50, '16-8-2020', '0', 40, 212549798, null, null, 9, null, null, null);
INSERT INTO Reproducciones VALUES (51, '16-8-2020', '0', 51, 212549798, null, null, 9, null, null, null);
INSERT INTO Reproducciones VALUES (52, '16-8-2020', '0', 1, 212549798, null, null, 11, null, null, null);
INSERT INTO Reproducciones VALUES (53, '16-8-2020', '0', 57, 212549798, null, null, 9, null, null, null);
INSERT INTO Reproducciones VALUES (54, '16-8-2020', '0', 39, 212549798, null, null, 1, null, null, null);
INSERT INTO Reproducciones VALUES (55, '16-8-2020', '1', 18, 212549798, null, null, 12, null, null, null);
INSERT INTO Reproducciones VALUES (56, '16-8-2020', '1', 29, 212549798, null, null, 14, null, null, null);
INSERT INTO Reproducciones VALUES (57, '16-8-2020', '1', 48, 212549798, null, null, 2, null, null, null);
INSERT INTO Reproducciones VALUES (58, '16-8-2020', '1', 55, 212549798, null, null, 6, null, null, null);
INSERT INTO Reproducciones VALUES (59, '16-8-2020', '1', 42, 212549798, null, null, 6, null, null, null);
INSERT INTO Reproducciones VALUES (60, '16-8-2020', '1', 33, 212549798, null, null, null, 5, null, null);
INSERT INTO Reproducciones VALUES (61, '16-8-2020', '1', 20, 212549798, null, null, null, 5, null, null);
INSERT INTO Reproducciones VALUES (62, '16-8-2020', '0', 32, 212549798, null, null, null, 5, null, null);
INSERT INTO Reproducciones VALUES (63, '16-8-2020', '1', 33, 212549798, null, null, null, 1, null, null);
INSERT INTO Reproducciones VALUES (64, '16-8-2020', '1', 33, 212549798, null, null, null, 1, null, null);
INSERT INTO Reproducciones VALUES (65, '16-8-2020', '0', 34, 212549798, null, null, null, 3, null, null);
INSERT INTO Reproducciones VALUES (66, '16-8-2020', '0', 23, 212549798, null, null, null, 6, null, null);
INSERT INTO Reproducciones VALUES (67, '16-8-2020', '1', 57, 212549798, null, null, null, 4, null, null);
INSERT INTO Reproducciones VALUES (68, '16-8-2020', '0', 34, 212549798, null, null, null, 1, null, null);
INSERT INTO Reproducciones VALUES (69, '16-8-2020', '1', 7, 212549798, null, null, null, 2, null, null);
INSERT INTO Reproducciones VALUES (70, '16-8-2020', '0', 32, 212549798, null, null, null, 4, null, null);
INSERT INTO Reproducciones VALUES (71, '16-8-2020', '0', 34, 212549798, null, null, null, 1, null, null);
INSERT INTO Reproducciones VALUES (72, '16-8-2020', '1', 46, 212549798, null, null, null, 1, null, null);
INSERT INTO Reproducciones VALUES (73, '16-8-2020', '0', 11, 212549798, null, null, null, 2, null, null);
INSERT INTO Reproducciones VALUES (74, '16-8-2020', '1', 48, 212549798, null, null, null, 2, null, null);
INSERT INTO Reproducciones VALUES (75, '16-8-2020', '1', 26, 212549798, null, null, null, 6, null, null);
INSERT INTO Reproducciones VALUES (76, '16-8-2020', '1', 38, 212549798, null, null, null, 4, null, null);
INSERT INTO Reproducciones VALUES (77, '16-8-2020', '1', 35, 212549798, null, null, null, 5, null, null);
INSERT INTO Reproducciones VALUES (78, '16-8-2020', '1', 5, 212549798, null, null, null, 3, null, null);
INSERT INTO Reproducciones VALUES (79, '16-8-2020', '1', 41, 212549798, null, null, null, 5, null, null);
INSERT INTO Reproducciones VALUES (80, '16-8-2020', '1', 23, 212549798, null, null, null, 4, null, null);
INSERT INTO Reproducciones VALUES (81, '16-8-2020', '1', 36, 212549798, null, null, null, null, 11, null);
INSERT INTO Reproducciones VALUES (82, '16-8-2020', '0', 51, 212549798, null, null, null, null, 8, null);
INSERT INTO Reproducciones VALUES (83, '16-8-2020', '1', 4, 212549798, null, null, null, null, 10, null);
INSERT INTO Reproducciones VALUES (84, '16-8-2020', '0', 47, 212549798, null, null, null, null, 11, null);
INSERT INTO Reproducciones VALUES (85, '16-8-2020', '0', 60, 212549798, null, null, null, null, 4, null);
INSERT INTO Reproducciones VALUES (86, '16-8-2020', '1', 13, 212549798, null, null, null, null, 13, null);
INSERT INTO Reproducciones VALUES (87, '16-8-2020', '0', 11, 212549798, null, null, null, null, 2, null);
INSERT INTO Reproducciones VALUES (88, '16-8-2020', '1', 0, 212549798, null, null, null, null, 12, null);
INSERT INTO Reproducciones VALUES (89, '16-8-2020', '1', 4, 212549798, null, null, null, null, 10, null);
INSERT INTO Reproducciones VALUES (90, '16-8-2020', '0', 59, 212549798, null, null, null, null, 8, null);
INSERT INTO Reproducciones VALUES (91, '16-8-2020', '1', 5, 212549798, null, null, null, null, 11, null);
INSERT INTO Reproducciones VALUES (92, '16-8-2020', '1', 43, 212549798, null, null, null, null, 8, null);
INSERT INTO Reproducciones VALUES (93, '16-8-2020', '1', 60, 212549798, null, null, null, null, 4, null);
INSERT INTO Reproducciones VALUES (94, '16-8-2020', '0', 13, 212549798, null, null, null, null, 1, null);
INSERT INTO Reproducciones VALUES (95, '16-8-2020', '0', 21, 212549798, null, null, null, null, 8, null);
INSERT INTO Reproducciones VALUES (96, '16-8-2020', '1', 57, 212549798, null, null, null, null, 9, null);
INSERT INTO Reproducciones VALUES (97, '16-8-2020', '1', 55, 212549798, null, null, null, null, 6, null);
INSERT INTO Reproducciones VALUES (98, '16-8-2020', '0', 16, 212549798, null, null, null, null, 13, null);
INSERT INTO Reproducciones VALUES (99, '16-8-2020', '0', 53, 212549798, null, null, null, null, 5, null);
INSERT INTO Reproducciones VALUES (100, '16-8-2020', '1', 51, 212549798, null, null, null, null, 10, null);
INSERT INTO Reproducciones VALUES (101, '16-8-2020', '1', 48, 117840834, null, null, null, null, null, 12);
INSERT INTO Reproducciones VALUES (102, '16-8-2020', '1', 12, 117840834, null, null, null, null, null, 13);
INSERT INTO Reproducciones VALUES (103, '16-8-2020', '0', 54, 117840834, null, null, null, null, null, 16);
INSERT INTO Reproducciones VALUES (104, '16-8-2020', '0', 24, 117840834, null, null, null, null, null, 22);
INSERT INTO Reproducciones VALUES (105, '16-8-2020', '0', 13, 117840834, null, null, null, null, null, 23);
INSERT INTO Reproducciones VALUES (106, '16-8-2020', '0', 28, 117840834, null, null, null, null, null, 2);
INSERT INTO Reproducciones VALUES (107, '16-8-2020', '0', 40, 117840834, null, null, null, null, null, 21);
INSERT INTO Reproducciones VALUES (108, '16-8-2020', '0', 19, 117840834, null, null, null, null, null, 12);
INSERT INTO Reproducciones VALUES (109, '16-8-2020', '0', 14, 212549798, null, null, null, null, null, 11);
INSERT INTO Reproducciones VALUES (110, '16-8-2020', '1', 28, 212549798, null, null, null, null, null, 12);
INSERT INTO Reproducciones VALUES (111, '16-8-2020', '1', 7, 212549798, null, null, null, null, null, 22);
INSERT INTO Reproducciones VALUES (112, '16-8-2020', '1', 45, 212549798, null, null, null, null, null, 9);
INSERT INTO Reproducciones VALUES (113, '16-8-2020', '0', 48, 212549798, null, null, null, null, null, 7);
INSERT INTO Reproducciones VALUES (114, '16-8-2020', '0', 38, 212549798, null, null, null, null, null, 17);
INSERT INTO Reproducciones VALUES (115, '16-8-2020', '1', 53, 212549798, null, null, null, null, null, 9);
INSERT INTO Reproducciones VALUES (116, '16-8-2020', '1', 20, 212549798, null, null, null, null, null, 1);
INSERT INTO Reproducciones VALUES (117, '16-8-2020', '1', 34, 212549798, null, null, null, null, null, 1);
INSERT INTO Reproducciones VALUES (118, '16-8-2020', '1', 25, 212549798, null, null, null, null, null, 11);
INSERT INTO Reproducciones VALUES (119, '16-8-2020', '1', 46, 212549798, null, null, null, null, null, 24);
INSERT INTO Reproducciones VALUES (120, '16-8-2020', '1', 6, 212549798, null, null, null, null, null, 8);